,video_name,topic
0,plancrash,T2
1,MI4,T1
2,JO,T1
3,MvW,T1
4,CarCrash,T1
5,2012,T0
6,DrSeuss,T0
7,LoTR,T1
8,TPM,T1
9,Jaw,T3
10,Sing,T1
11,BBC,T1
12,news_weather,T1
13,news_cnnanchor,T0
14,news_cnnreporter,T2
15,news_3dprint,T2
16,news_mikepence,T3
17,news_trump,T0
18,sport_bb,T3
19,sport_football2,T2
20,news_kelly,T0
21,news_missinggirl,T0
22,news_manafort,T0
23,sport_football,T3
24,sports_nba,T0
25,sports_football4,T2
26,sports_football5,T0
27,sports_football1,T2
28,sports_football2,T3
29,sports_football3,T3
30,movie_ironman,T2
31,anim_walle,T1
32,movie_ironman2,T0
33,movie_spiderman2,T0
34,movie_spiderman,T3
35,movie_avenger,T2
36,movie_darkknight,T3
37,movie_thor,T1
38,movie_avenger3,T2
39,movie_avenger2,T0
40,movie_darkknight2,T3
41,docu_jungle,T1
42,docu_secret,T0
43,docu_hunt,T0
44,docu_earth,T1
45,docu_planet,T0
46,docu_earth3,T0
47,docu_planet2,T2
48,docu_planet3,T1
49,docu_earth2,T3
50,anim_lionking,T0
51,movie_lalaland,T2
52,movie_notebook,T2
53,movie_ladybird,T0
54,movie_billboard,T1
55,movie_eatpray,T0
56,movie_network,T3
57,movie_500,T0
58,movie_atlas,T1
59,anim_iceage,T2
60,anim_spiritedaway,T0
61,anim_mononoke,T1
62,anim_zootipia,T1
63,anim_zootopia2,T2
64,anim_panda,T0
